email,password
test_45350@example.com,foobar_1994
test_44951@example.com,foobar_12849
test_12076@example.com,foobar_34878
test_39874@example.com,foobar_66005
test_28468@example.com,foobar_41651
test_75460@example.com,foobar_74220
test_43594@example.com,foobar_75383
test_69365@example.com,foobar_21170
test_47228@example.com,foobar_83234
test_38080@example.com,foobar_81718
test_83572@example.com,foobar_65420
test_96583@example.com,foobar_45512
test_96427@example.com,foobar_15512
test_99350@example.com,foobar_77724
test_24399@example.com,foobar_47640
test_82859@example.com,foobar_10712
test_20895@example.com,foobar_40729
test_6080@example.com,foobar_89896
test_98036@example.com,foobar_98598
test_73629@example.com,foobar_458
test_72737@example.com,foobar_31890
test_97670@example.com,foobar_70241
test_27377@example.com,foobar_17321
test_18305@example.com,foobar_95636
test_36864@example.com,foobar_23623
test_59786@example.com,foobar_54366
test_16928@example.com,foobar_51650
test_51138@example.com,foobar_36262
test_26641@example.com,foobar_68886
test_46549@example.com,foobar_27150
test_60002@example.com,foobar_83802
test_70688@example.com,foobar_66297
test_10243@example.com,foobar_53829
test_20336@example.com,foobar_16956
test_86021@example.com,foobar_575
test_80170@example.com,foobar_97010
test_34157@example.com,foobar_31193
test_48247@example.com,foobar_89348
test_64517@example.com,foobar_28294
test_4820@example.com,foobar_20563
test_56688@example.com,foobar_24840
test_33881@example.com,foobar_92717
test_79510@example.com,foobar_54049
test_45911@example.com,foobar_8179
test_10988@example.com,foobar_69722
test_70997@example.com,foobar_6886
test_75232@example.com,foobar_58030
test_81271@example.com,foobar_50324
test_54763@example.com,foobar_20523
test_60899@example.com,foobar_79982